<?xml version="1.0" encoding="UTF-8"?>
<jcr:root xmlns:sling="http://sling.apache.org/jcr/sling/1.0" xmlns:granite="http://www.adobe.com/jcr/granite/1.0" xmlns:jcr="http://www.jcp.org/jcr/1.0" xmlns:nt="http://www.jcp.org/jcr/nt/1.0"
    jcr:primaryType="nt:unstructured"
    jcr:title="AEM | Osgi Configurations"
    sling:resourceType="granite/ui/components/shell/collectionpage"
    sling:vanityPath="/osgiconfig"
    targetCollection=".granite-utils-configs-target">
    <head jcr:primaryType="nt:unstructured">
        <clientlibs
            jcr:primaryType="nt:unstructured"
            sling:resourceType="granite/ui/components/coral/foundation/includeclientlibs"
            categories="[granite.tools.osgiconfig]"/>
    </head>
    <rails jcr:primaryType="nt:unstructured">
        <search
            granite:class="cq-rail-components-search"
            granite:id="util-config-search"
            jcr:primaryType="nt:unstructured"
            jcr:title="Search"
            sling:resourceType="granite/ui/components/coral/foundation/panel/railpanel">
            <items jcr:primaryType="nt:unstructured">
                <fulltext
                    granite:id="utils-config-search-text"
                    jcr:primaryType="nt:unstructured"
                    sling:resourceType="granite/ui/components/coral/foundation/form/textfield"
                    fieldLabel="Enter Keyword"/>
                <filter
                    granite:id="utils-config-search-select"
                    jcr:primaryType="nt:unstructured"
                    sling:resourceType="granite/ui/components/coral/foundation/form/select"
                    emptyText="Filter">
                    <items jcr:primaryType="nt:unstructured">
                        <all
                            jcr:primaryType="nt:unstructured"
                            text="All"
                            value="all"/>
                        <repo
                            jcr:primaryType="nt:unstructured"
                            text="Repository based"
                            value="repo"/>
                    </items>
                </filter>
            </items>
        </search>
    </rails>
    <views jcr:primaryType="nt:unstructured">
        <list
            granite:id="utils-config-list"
            granite:rel="granite-utils-configs-target"
            jcr:primaryType="nt:unstructured"
            sling:resourceType="granite/ui/components/coral/foundation/table"
            layoutId="list"
            stateId="components.shell.collectionpage">
            <columns jcr:primaryType="nt:unstructured">
                <sno
                    jcr:primaryType="nt:unstructured"
                    jcr:title="S.No"/>
                <pid
                    jcr:primaryType="nt:unstructured"
                    jcr:title="Pid"
                    sortable="{Boolean}true"/>
                <repo
                    jcr:primaryType="nt:unstructured"
                    jcr:title="Repository based"
                    sortable="{Boolean}true"/>
                <more
                    jcr:primaryType="nt:unstructured"
                    jcr:title="More Info"/>
            </columns>
        </list>
    </views>
    <title
        jcr:primaryType="nt:unstructured"
        jcr:title="Osgi Configurations - Dashboard"
        sling:resourceType="granite/ui/components/shell/title"/>
</jcr:root>
